{"cameraMode":{"drawMode":0,"name":"Shaded","section":"Shading Mode"},"sceneLighting":false,"audioPlay":false,"sceneViewState":{"m_AlwaysRefresh":false,"showFog":true,"showSkybox":false,"showFlares":true,"showImageEffects":true,"showParticleSystems":true,"showVisualEffectGraphs":true,"m_FxEnabled":true},"in2DMode":false,"pivot":{"x":0.0000017881393432617188,"y":1.5131397247314454,"z":0.016342639923095704},"rotation":{"x":-0.15317772328853608,"y":0.6297829151153565,"z":-0.12852178514003755,"w":-0.7505961060523987},"size":2.3353731632232668,"orthographic":false}