{"cameraMode":{"drawMode":0,"name":"Shaded","section":"Shading Mode"},"sceneLighting":false,"audioPlay":false,"sceneViewState":{"m_AlwaysRefresh":false,"showFog":true,"showSkybox":false,"showFlares":true,"showImageEffects":true,"showParticleSystems":true,"showVisualEffectGraphs":true,"m_FxEnabled":true},"in2DMode":false,"pivot":{"x":-1.4935810565948487,"y":1.6582858562469483,"z":-0.18130235373973847},"rotation":{"x":-0.03928213566541672,"y":0.960145890712738,"z":-0.1780022829771042,"w":-0.21188345551490785},"size":2.3241631984710695,"orthographic":false}